n_total,historic_static_mean,historic_dynamic_mean,multiplier,static_prop_sim,dynamic_prop_sim,n_static,n_dynamic,city
162,0.7375,0.2625,1.0125095466604668,0.7467257906620943,0.2532742093379057,121,41,1
184,0.7197802197802198,0.2802197802197802,1.0397213800969576,0.7483708834763816,0.2516291165236184,138,46,1004
31,0.4262295081967213,0.5737704918032787,1.0275685690245193,0.4379800458137295,0.5620199541862705,14,17,126
542,0.6001863932898416,0.3998136067101584,0.9725207189990591,0.5836937027356888,0.41630629726431123,316,226,149
7,0.21428571428571427,0.7857142857142857,0.9800166284911225,0.21000356324809766,0.7899964367519023,1,6,150
4,0.14285714285714285,0.8571428571428571,1.0373553445396262,0.14819362064851802,0.851806379351482,1,3,830
20,0.4358974358974359,0.5641025641025641,0.9505265304565574,0.4143320773784994,0.5856679226215006,8,12,844
