n_total,historic_static_mean,historic_dynamic_mean,multiplier,static_prop_sim,dynamic_prop_sim,n_static,n_dynamic,city
196,0.7375,0.2625,1.0038164351471943,0.7403146209210558,0.2596853790789442,145,51,1
223,0.7197802197802198,0.2802197802197802,0.9843270869813339,0.708499167003048,0.29150083299695195,158,65,1004
37,0.4262295081967213,0.5737704918032787,0.9869067239795378,0.42064876759783576,0.5793512324021642,16,21,126
657,0.6001863932898416,0.3998136067101584,0.9874496765587882,0.5926538599290397,0.40734614007096026,389,268,149
9,0.21428571428571427,0.7857142857142857,1.0487444990186467,0.22473096407542428,0.7752690359245757,2,7,150
4,0.14285714285714285,0.8571428571428571,1.0132756272607146,0.14475366103724494,0.855246338962755,1,3,830
24,0.4358974358974359,0.5641025641025641,1.0174323930504494,0.4434961713296831,0.5565038286703169,11,13,844
