n_total,historic_static_mean,historic_dynamic_mean,multiplier,static_prop_sim,dynamic_prop_sim,n_static,n_dynamic,city
187,0.7375,0.2625,0.9038164351471942,0.6665646209210558,0.33343537907894416,125,62,1
213,0.7197802197802198,0.2802197802197802,0.8843270869813338,0.636521145025026,0.363478854974974,136,77,1004
36,0.4262295081967213,0.5737704918032787,0.8869067239795378,0.37802581677816366,0.6219741832218364,14,22,126
629,0.6001863932898416,0.3998136067101584,0.8874496765587883,0.5326352206000556,0.46736477939994436,335,294,149
8,0.21428571428571427,0.7857142857142857,0.9487444990186467,0.20330239264685285,0.7966976073531471,2,6,150
4,0.14285714285714285,0.8571428571428571,0.9132756272607145,0.13046794675153064,0.8695320532484694,1,3,830
23,0.4358974358974359,0.5641025641025641,0.9174323930504493,0.39990642773993945,0.6000935722600605,9,14,844
