n_total,historic_static_mean,historic_dynamic_mean,multiplier,static_prop_sim,dynamic_prop_sim,n_static,n_dynamic,city
170,0.7375,0.2625,1.1443056105572367,0.843925387785962,0.15607461221403796,143,27,1
194,0.7197802197802198,0.2802197802197802,1.101132755281436,0.792573576603671,0.207426423396329,154,40,1004
32,0.4262295081967213,0.5737704918032787,1.1476243705707703,0.48915137106295126,0.5108486289370487,16,16,126
572,0.6001863932898416,0.3998136067101584,1.0580836023895603,0.6350473811173131,0.36495261888268693,363,209,149
7,0.21428571428571427,0.7857142857142857,1.110735583199503,0.2380147678284649,0.7619852321715351,2,5,150
4,0.14285714285714285,0.8571428571428571,1.0876486584377272,0.15537837977681815,0.8446216202231819,1,3,830
21,0.4358974358974359,0.5641025641025641,1.1301901206985807,0.4926469756891249,0.507353024310875,10,11,844
