n_total,historic_static_mean,historic_dynamic_mean,multiplier,static_prop_sim,dynamic_prop_sim,n_static,n_dynamic,city
162,0.7375,0.2625,0.882697227660556,0.6509892053996601,0.3490107946003399,105,57,1
184,0.7197802197802198,0.2802197802197802,0.9487276843337925,0.6828754211413561,0.31712457885864387,126,58,1004
31,0.4262295081967213,0.5737704918032787,0.8818710838485516,0.37587947836167773,0.6241205216383223,12,19,126
542,0.6001863932898416,0.3998136067101584,0.9288548935820029,0.5574860684686019,0.44251393153139806,302,240,149
7,0.21428571428571427,0.7857142857142857,0.9369896511696215,0.2007834966792046,0.7992165033207954,1,6,150
4,0.14285714285714285,0.8571428571428571,0.8891084806539193,0.12701549723627417,0.8729845027637259,1,3,830
20,0.4358974358974359,0.5641025641025641,0.8937881873122798,0.38959997908483995,0.6104000209151601,8,12,844
