n_total,historic_static_mean,historic_dynamic_mean,multiplier,static_prop_sim,dynamic_prop_sim,n_static,n_dynamic,city
170,0.7375,0.2625,0.930500292374538,0.6862439656262218,0.3137560343737782,117,53,1
194,0.7197802197802198,0.2802197802197802,0.9307940789736493,0.6699671667337805,0.33003283326621946,130,64,1004
32,0.4262295081967213,0.5737704918032787,0.9015325561042141,0.38425977801163225,0.6157402219883678,12,20,126
572,0.6001863932898416,0.3998136067101584,0.8785801380088142,0.5273118442476015,0.47268815575239853,302,270,149
7,0.21428571428571427,0.7857142857142857,0.8553930702381656,0.18329851505103548,0.8167014849489646,1,6,150
4,0.14285714285714285,0.8571428571428571,0.8883368880785518,0.1269052697255074,0.8730947302744926,1,3,830
21,0.4358974358974359,0.5641025641025641,0.8908473205419998,0.3883180628003589,0.6116819371996411,8,13,844
