n_total,historic_static_mean,historic_dynamic_mean,multiplier,static_prop_sim,dynamic_prop_sim,n_static,n_dynamic,city
153,0.7375,0.2625,0.9585649167143624,0.7069416260768423,0.2930583739231577,108,45,1
174,0.7197802197802198,0.2802197802197802,0.97368105065961,0.7008363606396094,0.2991636393603906,122,52,1004
29,0.4262295081967213,0.5737704918032787,1.0301274465206398,0.4390707149104366,0.5609292850895634,13,16,126
515,0.6001863932898416,0.3998136067101584,1.0082162036064368,0.6051176468989239,0.3948823531010761,312,203,149
7,0.21428571428571427,0.7857142857142857,0.9594128642240399,0.2055884709051514,0.7944115290948486,1,6,150
3,0.14285714285714285,0.8571428571428571,0.9933126940236474,0.14190181343194963,0.8580981865680504,0,3,830
19,0.4358974358974359,0.5641025641025641,0.9979051298140834,0.4349842873548569,0.5650157126451432,8,11,844
