n_total,historic_static_mean,historic_dynamic_mean,multiplier,static_prop_sim,dynamic_prop_sim,n_static,n_dynamic,city
153,0.7375,0.2625,1.0370249203970086,0.7648058787927938,0.23519412120720617,117,36,1
174,0.7197802197802198,0.2802197802197802,0.9786817209087555,0.7044357441705877,0.29556425582941226,123,51,1004
29,0.4262295081967213,0.5737704918032787,1.0103148150051562,0.43062598672350916,0.5693740132764908,12,17,126
515,0.6001863932898416,0.3998136067101584,1.027753408292018,0.6168436113141281,0.3831563886858719,318,197,149
7,0.21428571428571427,0.7857142857142857,1.0216074629603566,0.2189158849200764,0.7810841150799236,2,5,150
3,0.14285714285714285,0.8571428571428571,1.0415380120490507,0.1487911445784358,0.8512088554215642,0,3,830
19,0.4358974358974359,0.5641025641025641,1.0360393649182884,0.45160690265668985,0.5483930973433102,9,10,844
