n_total,historic_static_mean,historic_dynamic_mean,multiplier,static_prop_sim,dynamic_prop_sim,n_static,n_dynamic,city
162,0.7375,0.2625,0.8761612134249316,0.6461688949008871,0.35383110509911286,105,57,1
184,0.7197802197802198,0.2802197802197802,0.8798491143414123,0.6332979888940935,0.3667020111059065,117,67,1004
31,0.4262295081967213,0.5737704918032787,0.931422574059428,0.3969997856646742,0.6030002143353258,12,19,126
542,0.6001863932898416,0.3998136067101584,0.8591915942135097,0.5156751040759555,0.4843248959240445,279,263,149
7,0.21428571428571427,0.7857142857142857,0.9100100525965653,0.19500215412783542,0.8049978458721646,1,6,150
4,0.14285714285714285,0.8571428571428571,0.9228560526811794,0.1318365789544542,0.8681634210455458,1,3,830
20,0.4358974358974359,0.5641025641025641,0.8687901073366603,0.3787033801211083,0.6212966198788916,8,12,844
