n_total,historic_static_mean,historic_dynamic_mean,multiplier,static_prop_sim,dynamic_prop_sim,n_static,n_dynamic,city
170,0.7375,0.2625,0.982697227660556,0.7247392053996601,0.2752607946003399,123,47,1
194,0.7197802197802198,0.2802197802197802,1.0487276843337927,0.7548534431193783,0.2451465568806217,146,48,1004
32,0.4262295081967213,0.5737704918032787,0.9818710838485517,0.4185024291813499,0.5814975708186501,13,19,126
572,0.6001863932898416,0.3998136067101584,1.028854893582003,0.6175047077975861,0.38249529220241385,353,219,149
7,0.21428571428571427,0.7857142857142857,1.0369896511696217,0.22221206810777608,0.777787931892224,2,5,150
4,0.14285714285714285,0.8571428571428571,0.9891084806539194,0.1413012115219885,0.8586987884780115,1,3,830
21,0.4358974358974359,0.5641025641025641,0.9937881873122799,0.43318972267458355,0.5668102773254164,9,12,844
