n_total,historic_static_mean,historic_dynamic_mean,multiplier,static_prop_sim,dynamic_prop_sim,n_static,n_dynamic,city
84,0.7832369942196532,0.21676300578034682,0.6523224268498633,0.5109230568679566,0.4890769431320434,43,41,1
100,0.8284313725490197,0.1715686274509804,0.6596982286828247,0.5465147090558695,0.4534852909441305,55,45,1004
16,0.6818181818181818,0.3181818181818182,0.7628451481188561,0.52012169189922,0.47987830810078,8,8,126
287,0.6882453151618398,0.31175468483816016,0.6183831884270193,0.4255993324097373,0.5744006675902626,122,165,149
4,0.3125,0.6875,0.7200201051931308,0.22500628287285335,0.7749937171271466,1,3,150
1,1.0,0.0,0.745712105362359,0.745712105362359,0.254287894637641,1,0,830
8,0.5151515151515151,0.48484848484848486,0.6375802146733207,0.32845041361958943,0.6715495863804106,3,5,844
