n_total,historic_static_mean,historic_dynamic_mean,multiplier,static_prop_sim,dynamic_prop_sim,n_static,n_dynamic,city
170,0.7375,0.2625,1.1370249203970084,0.8385558787927938,0.1614441212072062,143,27,1
194,0.7197802197802198,0.2802197802197802,1.0786817209087556,0.7764137661486098,0.2235862338513902,151,43,1004
32,0.4262295081967213,0.5737704918032787,1.110314815005156,0.47324893754318126,0.5267510624568188,15,17,126
572,0.6001863932898416,0.3998136067101584,1.1277534082920178,0.6768622506431122,0.32313774935688777,387,185,149
7,0.21428571428571427,0.7857142857142857,1.1216074629603565,0.24034445634864782,0.7596555436513521,2,5,150
4,0.14285714285714285,0.8571428571428571,1.1415380120490506,0.16307685886415008,0.83692314113585,1,3,830
21,0.4358974358974359,0.5641025641025641,1.1360393649182885,0.49519664624643345,0.5048033537535666,10,11,844
