n_total,historic_static_mean,historic_dynamic_mean,multiplier,static_prop_sim,dynamic_prop_sim,n_static,n_dynamic,city
204,0.7375,0.2625,1.030500292374538,0.7599939656262219,0.2400060343737781,155,49,1
233,0.7197802197802198,0.2802197802197802,1.0307940789736494,0.7419451887118026,0.2580548112881974,173,60,1004
39,0.4262295081967213,0.5737704918032787,1.001532556104214,0.42688272883130435,0.5731172711686956,17,22,126
686,0.6001863932898416,0.3998136067101584,0.9785801380088142,0.5873304835765856,0.41266951642341443,403,283,149
9,0.21428571428571427,0.7857142857142857,0.9553930702381656,0.20472708647960688,0.7952729135203931,2,7,150
4,0.14285714285714285,0.8571428571428571,0.9883368880785518,0.14119098401122168,0.8588090159887783,1,3,830
25,0.4358974358974359,0.5641025641025641,0.9908473205419999,0.4319078063901025,0.5680921936098975,11,14,844
