n_total,historic_static_mean,historic_dynamic_mean,multiplier,static_prop_sim,dynamic_prop_sim,n_static,n_dynamic,city
170,0.7375,0.2625,0.9370249203970085,0.6910558787927937,0.30894412120720627,117,53,1
194,0.7197802197802198,0.2802197802197802,0.8786817209087555,0.6324577221925658,0.3675422778074342,123,71,1004
32,0.4262295081967213,0.5737704918032787,0.9103148150051561,0.388003035903837,0.611996964096163,12,20,126
572,0.6001863932898416,0.3998136067101584,0.9277534082920178,0.5568249719851439,0.4431750280148561,319,253,149
7,0.21428571428571427,0.7857142857142857,0.9216074629603564,0.19748731349150495,0.802512686508495,1,6,150
4,0.14285714285714285,0.8571428571428571,0.9415380120490507,0.13450543029272152,0.8654945697072784,1,3,830
21,0.4358974358974359,0.5641025641025641,0.9360393649182884,0.40801715906694624,0.5919828409330538,9,12,844
