n_total,historic_static_mean,historic_dynamic_mean,multiplier,static_prop_sim,dynamic_prop_sim,n_static,n_dynamic,city
162,0.7375,0.2625,1.0011821624700257,0.738371844821644,0.261628155178356,120,42,1
184,0.7197802197802198,0.2802197802197802,1.0450463696325936,0.752203705614669,0.24779629438533102,138,46,1004
31,0.4262295081967213,0.5737704918032787,0.9644159612719634,0.41106254087001715,0.5889374591299829,13,18,126
542,0.6001863932898416,0.3998136067101584,1.0448649447137244,0.6271137226427199,0.3728862773572801,340,202,149
7,0.21428571428571427,0.7857142857142857,0.9811831452010485,0.2102535311145104,0.7897464688854896,1,6,150
4,0.14285714285714285,0.8571428571428571,0.9923326448972576,0.14176180641389394,0.8582381935861061,1,3,830
20,0.4358974358974359,0.5641025641025641,1.0327702593820443,0.4501819079357629,0.549818092064237,9,11,844
