n_total,historic_static_mean,historic_dynamic_mean,multiplier,static_prop_sim,dynamic_prop_sim,n_static,n_dynamic,city
162,0.7375,0.2625,1.0761612134249317,0.7936688949008871,0.2063311050991129,129,33,1
184,0.7197802197802198,0.2802197802197802,1.0798491143414124,0.7772540328501375,0.2227459671498625,143,41,1004
31,0.4262295081967213,0.5737704918032787,1.131422574059428,0.48224568730401846,0.5177543126959816,15,16,126
542,0.6001863932898416,0.3998136067101584,1.0591915942135097,0.6357123827339238,0.36428761726607617,345,197,149
7,0.21428571428571427,0.7857142857142857,1.1100100525965653,0.23785929698497826,0.7621407030150218,2,5,150
4,0.14285714285714285,0.8571428571428571,1.1228560526811795,0.16040800752588277,0.8395919924741172,1,3,830
20,0.4358974358974359,0.5641025641025641,1.0687901073366604,0.4658828673005955,0.5341171326994045,9,11,844
