n_total,historic_static_mean,historic_dynamic_mean,multiplier,static_prop_sim,dynamic_prop_sim,n_static,n_dynamic,city
187,0.7375,0.2625,1.130500292374538,0.8337439656262218,0.16625603437377823,156,31,1
213,0.7197802197802198,0.2802197802197802,1.1307940789736493,0.8139232106898244,0.18607678931017557,173,40,1004
36,0.4262295081967213,0.5737704918032787,1.1015325561042142,0.4695056796509765,0.5304943203490236,17,19,126
629,0.6001863932898416,0.3998136067101584,1.0785801380088142,0.6473491229055698,0.3526508770944302,407,222,149
8,0.21428571428571427,0.7857142857142857,1.0553930702381658,0.22615565790817838,0.7738443420918216,2,6,150
4,0.14285714285714285,0.8571428571428571,1.0883368880785518,0.15547669829693597,0.844523301703064,1,3,830
23,0.4358974358974359,0.5641025641025641,1.090847320542,0.4754975499798461,0.5245024500201538,11,12,844
