n_total,historic_static_mean,historic_dynamic_mean,multiplier,static_prop_sim,dynamic_prop_sim,n_static,n_dynamic,city
187,0.7375,0.2625,1.0585649167143625,0.7806916260768424,0.2193083739231576,146,41,1
213,0.7197802197802198,0.2802197802197802,1.07368105065961,0.7728143826176314,0.22718561738236864,165,48,1004
36,0.4262295081967213,0.5737704918032787,1.1301274465206397,0.4816936657301087,0.5183063342698913,17,19,126
629,0.6001863932898416,0.3998136067101584,1.1082162036064367,0.665136286227908,0.334863713772092,418,211,149
8,0.21428571428571427,0.7857142857142857,1.05941286422404,0.22701704233372283,0.7729829576662772,2,6,150
4,0.14285714285714285,0.8571428571428571,1.0933126940236473,0.1561875277176639,0.8438124722823361,1,3,830
23,0.4358974358974359,0.5641025641025641,1.0979051298140834,0.47857403094460044,0.5214259690553995,11,12,844
