n_total,historic_static_mean,historic_dynamic_mean,multiplier,static_prop_sim,dynamic_prop_sim,n_static,n_dynamic,city
170,0.7375,0.2625,1.1011821624700255,0.8121218448216438,0.18787815517835615,138,32,1
194,0.7197802197802198,0.2802197802197802,1.1450463696325934,0.8241817275926909,0.17581827240730907,160,34,1004
32,0.4262295081967213,0.5737704918032787,1.0644159612719635,0.4536854916896893,0.5463145083103107,15,17,126
572,0.6001863932898416,0.3998136067101584,1.1448649447137242,0.687132361971704,0.312867638028296,393,179,149
7,0.21428571428571427,0.7857142857142857,1.0811831452010485,0.2316821025430818,0.7683178974569183,2,5,150
4,0.14285714285714285,0.8571428571428571,1.0923326448972575,0.1560475206996082,0.8439524793003919,1,3,830
21,0.4358974358974359,0.5641025641025641,1.1327702593820441,0.4937716515255064,0.5062283484744936,10,11,844
