n_total,historic_static_mean,historic_dynamic_mean,multiplier,static_prop_sim,dynamic_prop_sim,n_static,n_dynamic,city
179,0.7375,0.2625,1.0443056105572368,0.7701753877859622,0.22982461221403783,138,41,1
204,0.7197802197802198,0.2802197802197802,1.0011327552814362,0.7205955546256492,0.27940444537435083,147,57,1004
34,0.4262295081967213,0.5737704918032787,1.0476243705707704,0.44652842024327916,0.5534715797567209,15,19,126
599,0.6001863932898416,0.3998136067101584,0.9580836023895601,0.5750287417883287,0.42497125821167125,344,255,149
8,0.21428571428571427,0.7857142857142857,1.010735583199503,0.21658619639989352,0.7834138036001065,2,6,150
4,0.14285714285714285,0.8571428571428571,0.9876486584377272,0.14109266549110389,0.8589073345088961,1,3,830
22,0.4358974358974359,0.5641025641025641,1.0301901206985808,0.4490572320993814,0.5509427679006186,10,12,844
