n_total,historic_static_mean,historic_dynamic_mean,multiplier,static_prop_sim,dynamic_prop_sim,n_static,n_dynamic,city
196,0.7375,0.2625,0.8585649167143624,0.6331916260768423,0.3668083739231577,124,72,1
223,0.7197802197802198,0.2802197802197802,0.87368105065961,0.6288583386615874,0.37114166133841264,140,83,1004
37,0.4262295081967213,0.5737704918032787,0.9301274465206396,0.3964477640907644,0.6035522359092356,15,22,126
657,0.6001863932898416,0.3998136067101584,0.9082162036064367,0.5450990075699397,0.4549009924300603,358,299,149
9,0.21428571428571427,0.7857142857142857,0.8594128642240398,0.18415989947657996,0.81584010052342,2,7,150
4,0.14285714285714285,0.8571428571428571,0.8933126940236473,0.1276160991462353,0.8723839008537647,1,3,830
24,0.4358974358974359,0.5641025641025641,0.8979051298140833,0.39139454376511323,0.6086054562348868,9,15,844
