n_total,historic_static_mean,historic_dynamic_mean,multiplier,static_prop_sim,dynamic_prop_sim,n_static,n_dynamic,city
196,0.7375,0.2625,0.9011821624700256,0.6646218448216439,0.3353781551783561,130,66,1
223,0.7197802197802198,0.2802197802197802,0.9450463696325935,0.6802256836366469,0.3197743163633531,152,71,1004
37,0.4262295081967213,0.5737704918032787,0.8644159612719633,0.368439590050345,0.631560409949655,14,23,126
657,0.6001863932898416,0.3998136067101584,0.9448649447137243,0.5670950833137357,0.4329049166862643,373,284,149
9,0.21428571428571427,0.7857142857142857,0.8811831452010486,0.18882495968593896,0.8111750403140611,2,7,150
4,0.14285714285714285,0.8571428571428571,0.8923326448972575,0.12747609212817965,0.8725239078718203,1,3,830
24,0.4358974358974359,0.5641025641025641,0.9327702593820442,0.40659216434601925,0.5934078356539807,10,14,844
