n_total,historic_static_mean,historic_dynamic_mean,multiplier,static_prop_sim,dynamic_prop_sim,n_static,n_dynamic,city
84,0.7832369942196532,0.21676300578034682,0.9523224268498633,0.7458941551338525,0.2541058448661475,63,21,1
100,0.8284313725490197,0.1715686274509804,0.9596982286828247,0.7950441208205754,0.2049558791794246,80,20,1004
16,0.6818181818181818,0.3181818181818182,1.062845148118856,0.7246671464446746,0.27533285355532544,12,4,126
287,0.6882453151618398,0.31175468483816016,0.9183831884270194,0.6320729269582893,0.3679270730417107,181,106,149
4,0.3125,0.6875,1.0200201051931308,0.3187562828728534,0.6812437171271466,1,3,150
1,1.0,0.0,1.045712105362359,1.0,0.0,1,0,830
8,0.5151515151515151,0.48484848484848486,0.9375802146733208,0.48299586816504403,0.517004131834956,4,4,844
