n_total,historic_static_mean,historic_dynamic_mean,multiplier,static_prop_sim,dynamic_prop_sim,n_static,n_dynamic,city
162,0.7375,0.2625,1.082697227660556,0.7984892053996601,0.20151079460033994,129,33,1
184,0.7197802197802198,0.2802197802197802,1.1487276843337924,0.8268314650974,0.17316853490259998,152,32,1004
31,0.4262295081967213,0.5737704918032787,1.0818710838485517,0.461125380001022,0.538874619998978,14,17,126
542,0.6001863932898416,0.3998136067101584,1.1288548935820029,0.6775233471265703,0.32247665287342975,367,175,149
7,0.21428571428571427,0.7857142857142857,1.1369896511696216,0.24364063953634746,0.7563593604636525,2,5,150
4,0.14285714285714285,0.8571428571428571,1.0891084806539193,0.15558692580770275,0.8444130741922973,1,3,830
20,0.4358974358974359,0.5641025641025641,1.09378818731228,0.47677946626432716,0.5232205337356728,10,10,844
