n_total,historic_static_mean,historic_dynamic_mean,multiplier,static_prop_sim,dynamic_prop_sim,n_static,n_dynamic,city
170,0.7375,0.2625,0.9136961687321454,0.6738509244399573,0.3261490755600427,115,55,1
194,0.7197802197802198,0.2802197802197802,0.876978671376387,0.6312319008258609,0.3687680991741391,122,72,1004
32,0.4262295081967213,0.5737704918032787,0.8540973523936194,0.36404149446285416,0.6359585055371458,12,20,126
572,0.6001863932898416,0.3998136067101584,0.8516527635528529,0.511150400492113,0.488849599507887,292,280,149
7,0.21428571428571427,0.7857142857142857,0.9313270239200272,0.19957007655429154,0.8004299234457084,1,6,150
4,0.14285714285714285,0.8571428571428571,0.9412755577277722,0.13446793681825317,0.8655320631817468,1,3,830
21,0.4358974358974359,0.5641025641025641,0.910663577576718,0.3969559184308771,0.6030440815691229,8,13,844
