n_total,historic_static_mean,historic_dynamic_mean,multiplier,static_prop_sim,dynamic_prop_sim,n_static,n_dynamic,city
179,0.7375,0.2625,0.9761612134249316,0.7199188949008871,0.2800811050991129,129,50,1
204,0.7197802197802198,0.2802197802197802,0.9798491143414123,0.7052760108721154,0.29472398912788456,144,60,1004
34,0.4262295081967213,0.5737704918032787,1.031422574059428,0.43962273648434635,0.5603772635156536,15,19,126
599,0.6001863932898416,0.3998136067101584,0.9591915942135096,0.5756937434049396,0.4243062565950604,345,254,149
8,0.21428571428571427,0.7857142857142857,1.0100100525965654,0.21643072555640686,0.7835692744435931,2,6,150
4,0.14285714285714285,0.8571428571428571,1.0228560526811794,0.14612229324016848,0.8538777067598315,1,3,830
22,0.4358974358974359,0.5641025641025641,0.9687901073366603,0.4222931237108519,0.5777068762891481,9,13,844
