n_total,historic_static_mean,historic_dynamic_mean,multiplier,static_prop_sim,dynamic_prop_sim,n_static,n_dynamic,city
101,0.7832369942196532,0.21676300578034682,1.3273923374642909,1.0,0.0,101,0,1
120,0.8284313725490197,0.1715686274509804,1.253957342752774,1.0,0.0,120,0,1004
19,0.6818181818181818,0.3181818181818182,1.2081947047872388,0.82376911690039,0.17623088309961,16,3,126
344,0.6882453151618398,0.31175468483816016,1.2033055271057058,0.8281693917388503,0.1718306082611497,285,59,149
5,0.3125,0.6875,1.3626540478400544,0.425829389950017,0.574170610049983,2,3,150
1,1.0,0.0,1.3825511154555443,1.0,0.0,1,0,830
10,0.5151515151515151,0.48484848484848486,1.321327155153436,0.6806836859881337,0.31931631401186633,7,3,844
