n_total,historic_static_mean,historic_dynamic_mean,multiplier,static_prop_sim,dynamic_prop_sim,n_static,n_dynamic,city
84,0.7832369942196532,0.21676300578034682,1.027392337464291,0.8046916862798349,0.1953083137201651,68,16,1
100,0.8284313725490197,0.1715686274509804,0.9539573427527741,0.7902881908098962,0.2097118091901038,79,21,1004
16,0.6818181818181818,0.3181818181818182,0.908194704787239,0.6192236623549356,0.38077633764506436,10,6,126
287,0.6882453151618398,0.31175468483816016,0.9033055271057059,0.6216957971902984,0.37830420280970156,178,109,149
4,0.3125,0.6875,1.0626540478400546,0.33207938995001707,0.6679206100499829,1,3,150
1,1.0,0.0,1.0825511154555445,1.0,0.0,1,0,830
8,0.5151515151515151,0.48484848484848486,1.021327155153436,0.5261382314426791,0.4738617685573209,4,4,844
