n_total,historic_static_mean,historic_dynamic_mean,multiplier,static_prop_sim,dynamic_prop_sim,n_static,n_dynamic,city
170,0.7375,0.2625,0.9443056105572367,0.6964253877859621,0.3035746122140379,118,52,1
194,0.7197802197802198,0.2802197802197802,0.9011327552814361,0.6486175326476271,0.3513824673523729,126,68,1004
32,0.4262295081967213,0.5737704918032787,0.9476243705707703,0.403905469423607,0.596094530576393,13,19,126
572,0.6001863932898416,0.3998136067101584,0.8580836023895602,0.5150101024593446,0.48498989754065536,295,277,149
7,0.21428571428571427,0.7857142857142857,0.910735583199503,0.19515762497132205,0.804842375028678,1,6,150
4,0.14285714285714285,0.8571428571428571,0.8876486584377272,0.1268069512053896,0.8731930487946105,1,3,830
21,0.4358974358974359,0.5641025641025641,0.9301901206985806,0.4054674885096377,0.5945325114903623,9,12,844
