n_total,historic_static_mean,historic_dynamic_mean,multiplier,static_prop_sim,dynamic_prop_sim,n_static,n_dynamic,city
196,0.7375,0.2625,0.9125095466604667,0.6729757906620942,0.32702420933790577,132,64,1
223,0.7197802197802198,0.2802197802197802,0.9397213800969575,0.6763928614983595,0.32360713850164047,151,72,1004
37,0.4262295081967213,0.5737704918032787,0.9275685690245193,0.3953570949940574,0.6046429050059425,15,22,126
657,0.6001863932898416,0.3998136067101584,0.8725207189990591,0.5236750634067047,0.47632493659329533,344,313,149
9,0.21428571428571427,0.7857142857142857,0.8800166284911225,0.18857499181952625,0.8114250081804737,2,7,150
4,0.14285714285714285,0.8571428571428571,0.9373553445396261,0.13390790636280372,0.8660920936371963,1,3,830
24,0.4358974358974359,0.5641025641025641,0.8505265304565575,0.3707423337887558,0.6292576662112441,9,15,844
