n_total,historic_static_mean,historic_dynamic_mean,multiplier,static_prop_sim,dynamic_prop_sim,n_static,n_dynamic,city
170,0.7375,0.2625,1.1136961687321454,0.8213509244399573,0.17864907556004272,140,30,1
194,0.7197802197802198,0.2802197802197802,1.0769786713763871,0.775187944781905,0.224812055218095,150,44,1004
32,0.4262295081967213,0.5737704918032787,1.0540973523936195,0.4492873961021984,0.5507126038978016,14,18,126
572,0.6001863932898416,0.3998136067101584,1.051652763552853,0.6311876791500813,0.36881232084991866,361,211,149
7,0.21428571428571427,0.7857142857142857,1.1313270239200273,0.2424272194114344,0.7575727805885656,2,5,150
4,0.14285714285714285,0.8571428571428571,1.141275557727772,0.1630393653896817,0.8369606346103183,1,3,830
21,0.4358974358974359,0.5641025641025641,1.110663577576718,0.4841354056103642,0.5158645943896358,10,11,844
