n_total,historic_static_mean,historic_dynamic_mean,multiplier,static_prop_sim,dynamic_prop_sim,n_static,n_dynamic,city
101,0.7832369942196532,0.21676300578034682,0.7023643249400513,0.5501177227131616,0.4498822772868384,56,45,1
120,0.8284313725490197,0.1715686274509804,0.7900927392651871,0.6545376124304737,0.3454623875695263,79,41,1004
19,0.6818181818181818,0.3181818181818182,0.6288319225439267,0.4287490380981318,0.5712509619018682,8,11,126
344,0.6882453151618398,0.31175468483816016,0.7897298894274488,0.5435278966417194,0.4564721033582806,187,157,149
5,0.3125,0.6875,0.662366290402097,0.20698946575065533,0.7930105342493446,1,4,150
1,1.0,0.0,0.6846652897945151,0.6846652897945151,0.31533471020548487,1,0,830
10,0.5151515151515151,0.48484848484848486,0.7655405187640884,0.394369358151197,0.605630641848803,4,6,844
