n_total,historic_static_mean,historic_dynamic_mean,multiplier,static_prop_sim,dynamic_prop_sim,n_static,n_dynamic,city
84,0.7832369942196532,0.21676300578034682,1.0023643249400513,0.7850888209790576,0.21491117902094237,66,18,1
100,0.8284313725490197,0.1715686274509804,1.0900927392651871,0.9030670241951796,0.09693297580482041,90,10,1004
16,0.6818181818181818,0.3181818181818182,0.9288319225439268,0.6332944926435864,0.3667055073564136,10,6,126
287,0.6882453151618398,0.31175468483816016,1.0897298894274488,0.7500014911902714,0.24999850880972863,215,72,149
4,0.3125,0.6875,0.9623662904020971,0.30073946575065535,0.6992605342493446,1,3,150
1,1.0,0.0,0.9846652897945152,0.9846652897945152,0.015334710205484825,1,0,830
8,0.5151515151515151,0.48484848484848486,1.0655405187640885,0.5489148126966517,0.45108518730334835,4,4,844
