n_total,historic_static_mean,historic_dynamic_mean,multiplier,static_prop_sim,dynamic_prop_sim,n_static,n_dynamic,city
162,0.7375,0.2625,1.1125095466604666,0.8204757906620942,0.1795242093379058,133,29,1
184,0.7197802197802198,0.2802197802197802,1.1397213800969574,0.8203489054544034,0.17965109454559658,151,33,1004
31,0.4262295081967213,0.5737704918032787,1.1275685690245192,0.4806029966334016,0.5193970033665984,15,16,126
542,0.6001863932898416,0.3998136067101584,1.072520718999059,0.643712342064673,0.356287657935327,349,193,149
7,0.21428571428571427,0.7857142857142857,1.0800166284911226,0.23143213467666912,0.7685678653233309,2,5,150
4,0.14285714285714285,0.8571428571428571,1.137355344539626,0.16247933493423228,0.8375206650657677,1,3,830
20,0.4358974358974359,0.5641025641025641,1.0505265304565574,0.45792182096824297,0.542078179031757,9,11,844
