n_total,historic_static_mean,historic_dynamic_mean,multiplier,static_prop_sim,dynamic_prop_sim,n_static,n_dynamic,city
84,0.7832369942196532,0.21676300578034682,0.7273923374642909,0.5697205880139389,0.4302794119860611,48,36,1
100,0.8284313725490197,0.1715686274509804,0.6539573427527741,0.5417587790451903,0.4582412209548097,54,46,1004
16,0.6818181818181818,0.3181818181818182,0.6081947047872389,0.41467820780948106,0.5853217921905189,7,9,126
287,0.6882453151618398,0.31175468483816016,0.6033055271057058,0.4152222026417464,0.5847777973582535,119,168,149
4,0.3125,0.6875,0.7626540478400545,0.23832938995001704,0.7616706100499829,1,3,150
1,1.0,0.0,0.7825511154555443,0.7825511154555443,0.21744888454445566,1,0,830
8,0.5151515151515151,0.48484848484848486,0.721327155153436,0.37159277689722464,0.6284072231027753,3,5,844
