n_total,historic_static_mean,historic_dynamic_mean,multiplier,static_prop_sim,dynamic_prop_sim,n_static,n_dynamic,city
84,0.7832369942196532,0.21676300578034682,1.3023643249400512,1.0,0.0,84,0,1
100,0.8284313725490197,0.1715686274509804,1.390092739265187,1.0,0.0,100,0,1004
16,0.6818181818181818,0.3181818181818182,1.2288319225439266,0.8378399471890408,0.16216005281095924,13,3,126
287,0.6882453151618398,0.31175468483816016,1.3897298894274486,0.9564750857388232,0.04352491426117677,275,12,149
4,0.3125,0.6875,1.2623662904020971,0.39448946575065535,0.6055105342493446,2,2,150
1,1.0,0.0,1.284665289794515,1.0,0.0,1,0,830
8,0.5151515151515151,0.48484848484848486,1.3655405187640883,0.7034602672421061,0.2965397327578939,6,2,844
