n_total,historic_static_mean,historic_dynamic_mean,multiplier,static_prop_sim,dynamic_prop_sim,n_static,n_dynamic,city
187,0.7375,0.2625,1.1038164351471942,0.8140646209210558,0.1859353790789442,152,35,1
213,0.7197802197802198,0.2802197802197802,1.0843270869813337,0.7804771889810699,0.21952281101893012,166,47,1004
36,0.4262295081967213,0.5737704918032787,1.0869067239795378,0.46327171841750786,0.5367282815824921,17,19,126
629,0.6001863932898416,0.3998136067101584,1.0874496765587882,0.6526724992580238,0.34732750074197616,411,218,149
8,0.21428571428571427,0.7857142857142857,1.1487444990186466,0.2461595355039957,0.7538404644960043,2,6,150
4,0.14285714285714285,0.8571428571428571,1.1132756272607145,0.1590393753229592,0.8409606246770408,1,3,830
23,0.4358974358974359,0.5641025641025641,1.1174323930504493,0.4870859149194266,0.5129140850805733,11,12,844
