n_total,historic_static_mean,historic_dynamic_mean,multiplier,static_prop_sim,dynamic_prop_sim,n_static,n_dynamic,city
84,0.7832369942196532,0.21676300578034682,1.2523224268498632,0.9808652533997484,0.019134746600251606,82,2,1
100,0.8284313725490197,0.1715686274509804,1.2596982286828247,1.0,0.0,100,0,1004
16,0.6818181818181818,0.3181818181818182,1.362845148118856,0.9292126009901289,0.07078739900987108,15,1,126
287,0.6882453151618398,0.31175468483816016,1.2183831884270193,0.8385465215068412,0.16145347849315883,241,46,149
4,0.3125,0.6875,1.3200201051931306,0.4125062828728533,0.5874937171271467,2,2,150
1,1.0,0.0,1.3457121053623589,1.0,0.0,1,0,830
8,0.5151515151515151,0.48484848484848486,1.2375802146733206,0.6375413227104985,0.36245867728950154,5,3,844
